location_id,state,district,sub_district,latitude,longitude
1,Gujarat,Ahmedabad,Bavla,22.8368,72.3644
2,Gujarat,Ahmedabad,City,23.0225,72.5714
3,Gujarat,Ahmedabad,Daskroi,22.95,72.63
4,Gujarat,Ahmedabad,Dholka,22.72,72.44
5,Gujarat,Ahmedabad,Sanand,22.9868,72.3815
6,Gujarat,Surat,Choryasi,21.1702,72.8311
7,Gujarat,Surat,City,21.1702,72.8311
8,Gujarat,Surat,Kamrej,21.27,72.96
9,Gujarat,Surat,Mangrol,21.4167,73.0833
10,Gujarat,Surat,Olpad,21.33,72.75
11,Gujarat,Vadodara,City,22.3072,73.1812
12,Gujarat,Vadodara,Karjan,22.05,73.17
13,Gujarat,Vadodara,Padra,22.23,73.08
14,Gujarat,Vadodara,Savli,22.56,73.22
15,Gujarat,Vadodara,Vaghodia,22.3,73.42
16,Maharashtra,Nagpur,Hingna,21.0667,78.9667
17,Maharashtra,Nagpur,Kamptee,21.2333,79.2
18,Maharashtra,Nagpur,Nagpur Rural,21.1458,79.0882
19,Maharashtra,Nagpur,Ramtek,21.4,79.3333
20,Maharashtra,Nagpur,Umred,20.85,79.3333
21,Maharashtra,Nashik,Igatpuri,19.7,73.55
22,Maharashtra,Nashik,Malegaon,20.55,74.5333
23,Maharashtra,Nashik,Nashik,19.9975,73.7898
24,Maharashtra,Nashik,Niphad,20.08,74.11
25,Maharashtra,Nashik,Sinnar,19.85,73.9833
26,Maharashtra,Pune,Baramati,18.15,74.58
27,Maharashtra,Pune,Haveli,18.5,73.91
28,Maharashtra,Pune,Junnar,19.2,73.88
29,Maharashtra,Pune,Khed,18.84,73.9
30,Maharashtra,Pune,Shirur,18.83,74.38
31,Maharashtra,Thane,Ambernath,19.2,73.19
32,Maharashtra,Thane,Bhiwandi,19.3,73.06
33,Maharashtra,Thane,Kalyan,19.2403,73.1305
34,Maharashtra,Thane,Thane,19.2183,72.9781
35,Maharashtra,Thane,Ulhasnagar,19.2167,73.15
